Slices,Slippage
5,-0.8979936088847734
10,-0.9298373760042987
15,-0.912294539920837
20,-0.9704585724858615
25,-0.9241767561138312
30,-0.9622301770461763
35,-0.9342351720728049
40,-0.9161748471859816
45,-0.9534706146639711
50,-0.9412576823440736
55,-0.9436933053917447
60,-0.9355102589882089
65,-0.9389176603080489
70,-0.9465145819619961
75,-0.951550625671441
80,-0.9688228170858888
85,-0.9584172083554996
90,-0.9635601482702693
95,-0.9697272637306742
100,-0.9646808520756117
